{
  "means": {
    "entropy_p10": 0.8548936247825623,
    "bias_p90": 0.19239611110904,
    "chi_norm_mean": 0.05250113279643384,
    "lsb_residual_p90": 0.9672387296503241,
    "bp_suspicion_p90": 0.19239611110904
  },
  "stds": {
    "entropy_p10": 0.16475373335735477,
    "bias_p90": 0.09576774771133706,
    "chi_norm_mean": 0.05421854940543853,
    "lsb_residual_p90": 0.045830275147584504,
    "bp_suspicion_p90": 0.09576774771133706
  },
  "n_images": 11,
  "source_hint": "unspecified"
}